<?xml version="1.0" encoding="UTF-8"?>
<!DOCTYPE properties SYSTEM "http://java.sun.com/dtd/properties.dtd">
<properties>
	<entry key="selectListCount">
		SELECT COUNT(*)
		FROM BOARD
		WHERE STATUS = 'Y'
			AND BOARD_TYPE = 1
	</entry>
	
	<entry key="selectList">
		SELECT *
		FROM(
			SELECT ROWNUM RNUM , A.*
			FROM (
				SELECT BOARD_NO, CATEGORY_NAME, BOARD_TITLE, USER_ID, COUNT, CREATE_DATE
				FROM BOARD b 
				JOIN CATEGORY c USING(CATEGORY_NO)
				JOIN MEMBER ON(USER_NO = BOARD_WRITER)
				WHERE BOARD_TYPE = 1
					AND b.STATUS = 'Y'
				ORDER BY BOARD_NO DESC ) A)
		WHERE RNUM BETWEEN ? AND ?
	</entry>
	
	<entry key="selectBoard">
		SELECT
			BOARD_NO, 
			CATEGORY_NAME,
			BOARD_TITLE,
			BOARD_CONTENT,
			USER_ID,
			CREATE_DATE
		FROM BOARD b
		LEFT JOIN CATEGORY USING (CATEGORY_NO)
		JOIN MEMBER ON BOARD_WRITER = USER_NO
		WHERE BOARD_NO = ?
			AND B.STATUS = 'Y'
	</entry>
	
	<entry key="selectAttachment">
		SELECT
			FILE_NO,
			ORIGIN_NAME,
			CHANGE_NAME,
			FILE_PATH
		FROM ATTACHMENT
		WHERE REF_BNO = ?
		ORDER BY FILE_LEVEL
	</entry>
	
	<entry key="increaseCount">
		UPDATE BOARD
			SET COUNT = COUNT + 1
		WHERE BOARD_NO = ?
			AND STATUS = 'Y'
	</entry>
	
	<entry key="selectCategoryList">
		SELECT 
			CATEGORY_NO,
			CATEGORY_NAME
		FROM CATEGORY	
	</entry>
	
	<entry key="insertBoard">
		INSERT INTO BOARD(BOARD_NO, BOARD_TYPE, CATEGORY_NO, BOARD_TITLE, BOARD_CONTENT, BOARD_WRITER)
		VALUES(SEQ_BNO.NEXTVAL, 1, ?, ?, ?, ?)
	</entry>
	
	<entry key="insertAttachment">
		INSERT INTO ATTACHMENT(FILE_NO, REF_BNO, ORIGIN_NAME, CHANGE_NAME, FILE_PATH)
		VALUES(SEQ_FNO.NEXTVAL, SEQ_BNO.CURRVAL, ?, ?, ?)
	</entry>
	
	<entry key="updateBoard">
		UPDATE BOARD
		SET CATEGORY_NO = ?,
			BOARD_TITLE = ?,
			BOARD_CONTENT = ?
		WHERE BOARD_NO = ?
	</entry>
	<entry key="updateAttachment">
		UPDATE ATTACHMENT
		SET ORIGIN_NAME = ?,
			CHANGE_NAME = ?,
			FILE_PATH = ?,
			UPLOAD_DATE = SYSDATE
		WHERE FILE_NO = ?
	</entry>
	
	<entry key="insertNewAttachment">
		INSERT INTO ATTACHMENT(FILE_NO, REF_BNO, ORIGIN_NAME, CHANGE_NAME, FILE_PATH)
		VALUES(SEQ_FNO.NEXTVAL, ?, ?, ?, ?) 
	</entry>
	
	<entry key="deleteBoard">
		UPDATE BOARD
		SET STATUS = 'N'
		WHERE BOARD_NO = ?
	</entry>
	
	<entry key="deleteAttachment">
		UPDATE ATTACHMENT
		SET STATUS = 'N'
		WHERE FILE_NO = ?
	</entry>
	
	<entry key="insertThumbnailBoard">
		INSERT INTO BOARD(BOARD_NO, BOARD_TYPE, BOARD_TITLE, BOARD_CONTENT, BOARD_WRITER)
		VALUES(SEQ_BNO.NEXTVAL, 2, ?, ?, ?) 
	</entry>
	
	<entry key="insertAttachmentList">
		INSERT INTO ATTACHMENT(FILE_NO, REF_BNO, ORIGIN_NAME, CHANGE_NAME, FILE_PATH, FILE_LEVEL)
		VALUES(SEQ_FNO.NEXTVAL, SEQ_BNO.CURRVAL, ?, ?, ?, ?)
	</entry>
	
	<entry key="selectThumbnailList">
		SELECT
			BOARD_NO,
			BOARD_TITLE,
			COUNT,
			FILE_PATH || CHANGE_NAME "THUMBNAIL"
		FROM BOARD B
		JOIN ATTACHMENT ON (BOARD_NO = REF_BNO)
		WHERE BOARD_TYPE = 2
			AND B.STATUS = 'Y'
			AND FILE_LEVEL = 1
		ORDER BY BOARD_NO DESC
	</entry>
	
	
	
</properties>